id,date,orderNumber,invoiceNumber,buyerName,status,usingCoupon
1,2025/11/19,PG02439383,HA6080563,mbegent0,success,TRUE
2,2025/11/11,PG02470934,KR2915707,csapsed1,success,FALSE
3,2025/12/11,PG02484300,CM6888591,eternouth2,success,FALSE
4,2026/1/4,PG02499696,BV9027421,rsedworth3,success,TRUE
5,2025/10/4,PG02471213,PQ1583304,rblaxton4,success,FALSE
6,2026/1/29,PG02415742,JJ9561571,ecorson5,success,TRUE
7,2025/12/13,PG02440774,DH7738779,wmckeney6,success,FALSE
8,2025/11/2,PG02494484,LA0788379,smortel7,success,FALSE
9,2026/3/13,PG02468670,JP4751341,bgosenell8,success,TRUE
10,2025/10/19,PG02462454,WG6816748,lyoxall9,success,FALSE
11,2025/11/15,PG02449089,CD2944073,rshadea,success,FALSE
12,2026/2/12,PG02465065,FF9534267,dkasperskib,success,FALSE
13,2026/3/9,PG02407923,NV0371337,fmckintyc,success,FALSE
14,2026/2/8,PG02413245,UH0874076,itroueld,success,FALSE
15,2026/1/24,PG02427450,DS0037800,estanbroe,success,TRUE
16,2025/11/7,PG02414720,LA0664122,osurgeonf,success,TRUE
17,2026/3/3,PG02483617,TO1054085,abessettg,success,FALSE
18,2025/10/21,PG02493845,HJ9868676,cdarqueh,success,FALSE
19,2026/3/5,PG02403653,FL1138521,sdrewryi,success,FALSE
20,2026/3/2,PG02443623,FT7973736,mcalderj,success,FALSE
21,2025/12/29,PG02469333,AB1021921,bpietronik,success,FALSE
22,2026/3/4,PG02497522,KQ4174303,yschuelckel,close,TRUE
23,2025/10/16,PG02463969,SS2476912,niffem,success,FALSE
24,2025/11/18,PG02461005,CF3984330,knegrin,success,TRUE
25,2026/1/19,PG02403831,PL0636812,cmeadowcrafto,success,TRUE
26,2025/12/30,PG02425153,UD7473047,hethridgep,success,TRUE
27,2026/2/16,PG02477813,EW0465242,xhollowq,success,TRUE
28,2025/11/22,PG02443909,UE9795428,jtrapper,success,TRUE
29,2026/1/1,PG02474716,NI2066667,adraiseys,success,TRUE
30,2025/10/23,PG02429535,CA2271226,jblintt,success,TRUE
31,2026/1/24,PG02462243,UZ1958434,bwhightu,success,TRUE
32,2025/10/2,PG02427707,XB8706396,mdevotev,success,FALSE
33,2026/3/9,PG02449736,II0555820,erittmeierw,success,TRUE
34,2025/10/1,PG02429925,FP3611260,fgovenlockx,success,TRUE
35,2025/10/28,PG02480940,AP3502442,gdumbelly,success,FALSE
36,2025/11/5,PG02493073,NL8235333,gsmoughtonz,success,FALSE
37,2026/2/21,PG02423723,XF1332640,rgladtbach10,success,FALSE
38,2026/2/22,PG02443600,AK2626570,lknatt11,success,FALSE
39,2026/2/17,PG02458714,LG5996450,ekennaway12,success,FALSE
40,2025/12/19,PG02440841,VJ1977057,gbaskwell13,success,TRUE
41,2025/11/15,PG02477189,ML8605349,rslowgrove14,success,FALSE
42,2025/11/25,PG02474936,AB7108266,fgiottoi15,success,FALSE
43,2026/3/5,PG02485901,IA9380703,ikingswood16,success,FALSE
44,2026/2/13,PG02485327,GI4811911,dbrockherst17,success,TRUE
45,2025/10/3,PG02492444,XZ4694122,msimonini18,success,TRUE
46,2026/1/29,PG02455483,ZZ7894948,lpersicke19,success,TRUE
47,2026/1/15,PG02410602,YB0998024,loskehan1a,success,FALSE
48,2026/1/25,PG02421096,AI1415835,bmckeever1b,success,TRUE
49,2025/11/25,PG02460082,UD8298751,rpauling1c,success,TRUE
50,2026/2/7,PG02429917,EA7827508,alambourn1d,success,FALSE
51,2026/2/26,PG02463416,EP9138384,nornells1e,success,TRUE
52,2026/2/25,PG02463794,VR8826666,sbillie1f,success,TRUE
53,2025/10/2,PG02418572,UB0162369,nizhaky1g,success,FALSE
54,2025/10/31,PG02481046,TO2738780,vwase1h,success,TRUE
55,2026/2/19,PG02474283,WQ5446741,pbaldick1i,success,TRUE
56,2025/10/13,PG02409150,FZ6807443,tricket1j,success,TRUE
57,2026/2/10,PG02461358,UN1937467,gsewall1k,success,TRUE
58,2026/2/25,PG02471116,NX3400818,tthamelt1l,success,TRUE
59,2026/2/15,PG02421862,YN3102252,pbarniss1m,success,FALSE
60,2026/1/23,PG02425339,RA2386022,swaycott1n,success,TRUE
61,2025/10/4,PG02462107,KR1376690,apitfield1o,success,FALSE
62,2025/11/22,PG02461263,TC4468750,agabbatt1p,success,FALSE
63,2026/3/8,PG02435637,EU6622275,wbeamiss1q,success,TRUE
64,2025/12/25,PG02423171,OI2112153,jholby1r,success,FALSE
65,2026/1/4,PG02469402,GL9519185,tqueripel1s,success,FALSE
66,2026/2/21,PG02461062,HD9767916,cdabell1t,success,TRUE
67,2026/2/2,PG02459877,BS6901098,hparrington1u,success,FALSE
68,2025/12/15,PG02487394,NU0984374,tcaccavella1v,success,TRUE
69,2026/3/8,PG02415135,IV2334076,zhowford1w,success,FALSE
70,2025/11/24,PG02443732,CV4868544,rtatnell1x,success,FALSE
71,2025/12/23,PG02479044,MC9383798,imonini1y,success,TRUE
72,2026/2/3,PG02418057,FM9060586,dnelsen1z,success,FALSE
73,2025/12/24,PG02448392,PR7235851,uhogsden20,success,FALSE
74,2026/2/5,PG02457587,VF0772399,mpiatkowski21,success,TRUE
75,2025/10/23,PG02428566,MB1224209,abims22,success,FALSE
76,2026/3/12,PG02422200,ZX9745560,tsauvain23,success,FALSE
77,2025/11/7,PG02474978,RV3639540,sottewill24,success,FALSE
78,2025/11/17,PG02435050,KB0385941,seakley25,success,TRUE
79,2026/2/25,PG02474447,XO1128019,aoreagan26,success,TRUE
80,2025/11/20,PG02491171,OV2810085,gmehmet27,success,TRUE
81,2025/10/5,PG02488563,VQ9821045,surwin28,success,FALSE
82,2025/12/5,PG02407523,YD5672571,wnevett29,success,FALSE
83,2025/11/26,PG02434731,LS0128376,mslarke2a,success,FALSE
84,2025/10/19,PG02433487,MG8014189,gschultheiss2b,success,FALSE
85,2026/1/20,PG02454579,ML0698287,mkonertz2c,success,TRUE
86,2025/10/3,PG02473158,FI6771797,hfrost2d,success,FALSE
87,2026/2/11,PG02456102,PD5643466,chebblewaite2e,success,TRUE
88,2025/11/11,PG02462666,LT7275264,ghawkin2f,return,FALSE
89,2026/3/9,PG02425169,BC7082798,sgerrie2g,success,TRUE
90,2025/10/5,PG02403139,CR3578552,mpoetz2h,success,TRUE
91,2026/2/23,PG02445387,GF3876187,equiddihy2i,success,TRUE
92,2025/12/8,PG02475736,BY0822090,kvere2j,success,TRUE
93,2025/12/17,PG02462621,GU5120479,dburdytt2k,success,TRUE
94,2025/11/13,PG02403424,KQ8114864,mmaddox2l,success,TRUE
95,2025/10/1,PG02446353,YO7217202,mhowick2m,success,TRUE
96,2025/10/24,PG02455430,DR5854958,thanscomb2n,success,FALSE
97,2026/3/2,PG02407875,JS9657959,gsteart2o,success,TRUE
98,2025/10/15,PG02452624,TX7964363,vhopkyns2p,success,FALSE
99,2026/1/11,PG02406641,RW2648506,mwrates2q,success,TRUE
100,2025/11/21,PG02484859,IM3314619,lmuckle2r,success,FALSE
101,2026/2/20,PG02419078,NB0082035,agercken2s,success,TRUE
102,2025/12/29,PG02447221,MC0962326,cgerty2t,success,TRUE
103,2025/11/10,PG02442225,EA1426861,lhadingham2u,success,TRUE
104,2026/3/10,PG02472050,UH5031029,kkovelmann2v,success,TRUE
105,2025/12/3,PG02452421,QH1699608,idebow2w,success,TRUE
106,2026/3/2,PG02465412,AS2520055,lgarbutt2x,success,FALSE
107,2026/1/25,PG02450468,IW4693976,asexty2y,success,FALSE
108,2025/12/4,PG02403992,AO7533504,afalkner2z,success,TRUE
109,2026/2/16,PG02431184,RA5649058,jvanderkruijs30,success,FALSE
110,2025/12/2,PG02442291,QY4227916,asegoe31,success,TRUE
111,2026/1/31,PG02482081,MW3565684,mhallsworth32,success,FALSE
112,2025/12/15,PG02447411,XJ7200881,cdood33,success,TRUE
113,2025/11/19,PG02484158,VC1526737,dseamark34,success,FALSE
114,2025/11/8,PG02474008,FI5159447,dhanna35,success,TRUE
115,2026/2/7,PG02400848,JR4080312,lgehrts36,success,FALSE
116,2026/3/1,PG02468064,CT8448793,vchannon37,success,FALSE
117,2026/1/20,PG02400924,RV0454340,dmacconaghy38,success,TRUE
118,2025/10/26,PG02423124,NQ0732219,pwilsey39,success,TRUE
119,2026/2/26,PG02406192,SM8972798,egothup3a,success,FALSE
120,2025/10/5,PG02471533,KV1946452,hbavin3b,success,TRUE
121,2025/12/30,PG02456757,TN1599142,cbison3c,success,TRUE
122,2025/12/10,PG02437150,YS5324471,tzuanelli3d,success,TRUE
123,2026/1/25,PG02463061,BX6298209,fhufton3e,success,TRUE
124,2026/1/1,PG02432709,RW9916106,mtwizell3f,success,FALSE
125,2025/11/1,PG02473353,KM6309692,fsearch3g,success,TRUE
126,2026/3/9,PG02421909,TQ6594968,ccarrier3h,success,TRUE
127,2026/1/14,PG02477737,SU4745298,fdurrand3i,success,TRUE
128,2026/1/17,PG02492349,WJ1454133,canchor3j,success,TRUE
129,2026/1/23,PG02426042,JS9554710,ldaine3k,success,TRUE
130,2026/1/19,PG02444518,JQ5005966,gsedgmond3l,success,FALSE
131,2026/2/2,PG02459055,BN9008256,psantello3m,success,TRUE
132,2026/2/16,PG02441840,KC9159893,gderoberto3n,success,FALSE
133,2025/10/31,PG02461821,JG8480979,bmushett3o,success,TRUE
134,2026/1/14,PG02427820,HQ8131783,blingwood3p,success,TRUE
135,2025/12/3,PG02495006,QG3686943,wcockle3q,success,TRUE
136,2026/2/13,PG02458095,FJ9507081,gtruggian3r,success,FALSE
137,2026/1/16,PG02465200,DJ1122497,gstollenberg3s,success,TRUE
138,2025/10/17,PG02400103,CI0871942,fniess3t,success,FALSE
139,2026/1/9,PG02403007,VR1595749,dgillaspy3u,success,FALSE
140,2025/11/5,PG02468951,IF2240432,elamswood3v,success,TRUE
141,2025/10/31,PG02449089,WJ5054121,sivatts3w,success,FALSE
142,2025/11/13,PG02457601,WN1120980,swarkup3x,success,TRUE
143,2026/1/31,PG02430790,JZ4723096,ppyper3y,success,FALSE
144,2026/2/21,PG02442380,WY1483072,nmckinney3z,success,TRUE
145,2025/11/8,PG02437206,KH0658914,ecordel40,success,TRUE
146,2025/12/7,PG02496446,EM0281646,bassiter41,success,FALSE
147,2025/11/18,PG02421491,DT6065431,jchagg42,success,FALSE
148,2026/3/10,PG02459744,SH4082576,peastam43,success,TRUE
149,2025/12/29,PG02492600,WX0564741,kfairlam44,success,TRUE
150,2025/11/18,PG02480610,YH6896439,ggoldingay45,success,TRUE
151,2026/1/22,PG02447607,KF2750246,spieterick46,success,TRUE
152,2025/10/21,PG02447782,QD6304051,aleaton47,success,TRUE
153,2026/2/26,PG02480458,GM1310562,ehay48,success,FALSE
154,2025/10/1,PG02444074,VQ8511400,mwindham49,success,TRUE
155,2025/10/2,PG02445160,LC8191079,cbradick4a,success,FALSE
156,2025/11/21,PG02410375,LJ5391840,jbineham4b,success,TRUE
157,2025/10/2,PG02496840,PU9367134,lpuddin4c,success,TRUE
158,2025/12/31,PG02499927,BF4319086,ecasado4d,success,TRUE
159,2025/10/7,PG02449751,UE4597084,lhenriques4e,success,TRUE
160,2026/1/12,PG02410127,CO5841745,drobker4f,success,TRUE
161,2026/3/8,PG02472813,CN6982196,mmansell4g,success,FALSE
162,2025/12/12,PG02470210,TE9233383,nferschke4h,success,FALSE
163,2025/12/4,PG02465441,BC9969667,gscad4i,success,TRUE
164,2026/1/2,PG02407548,UL6639702,njeffries4j,success,FALSE
165,2025/12/5,PG02485771,OV1624433,dmclardie4k,success,FALSE
166,2025/12/14,PG02469980,QS9380894,dgummow4l,success,FALSE
167,2026/3/1,PG02408271,LF1026817,wdefreyne4m,success,FALSE
168,2026/1/3,PG02431939,UO2701426,lcancott4n,success,TRUE
169,2026/1/3,PG02461055,VW8474500,ashillito4o,success,FALSE
170,2025/12/2,PG02486564,OI2575016,vlove4p,success,TRUE
171,2025/12/30,PG02425626,YX3935090,fgamett4q,success,FALSE
172,2025/11/1,PG02490189,SU6445350,tsellors4r,success,FALSE
173,2026/2/15,PG02425236,HL8197326,dhartgill4s,return,TRUE
174,2025/10/22,PG02441442,UO2731411,ckincla4t,success,TRUE
175,2025/12/1,PG02435335,RT8585761,sgandrich4u,return,FALSE
176,2026/1/22,PG02457233,QT5540269,ohamlett4v,success,TRUE
177,2025/10/28,PG02456316,CH5055628,lmerton4w,success,FALSE
178,2025/10/20,PG02467990,VZ5999096,ckarolyi4x,success,FALSE
179,2026/2/28,PG02490407,UN2961188,istacy4y,success,TRUE
180,2026/2/28,PG02479829,YS6876487,cpassby4z,success,TRUE
181,2025/11/5,PG02411738,JD3216833,kfawthrop50,success,TRUE
182,2025/10/12,PG02478524,EO1106886,lbradborne51,success,TRUE
183,2026/1/1,PG02411263,SI1614547,cgaskoin52,success,TRUE
184,2025/12/19,PG02429180,RI5338847,lcoddington53,success,FALSE
185,2026/3/2,PG02420975,ZC5071464,daysik54,success,FALSE
186,2026/3/12,PG02498640,OC1287961,thodge55,success,FALSE
187,2026/1/5,PG02447520,LH8804502,pmowday56,success,TRUE
188,2025/10/25,PG02470728,BP0348657,ebrownlea57,success,TRUE
189,2025/12/5,PG02497004,AZ4341119,wheineken58,success,TRUE
190,2025/12/20,PG02454820,HQ1397525,bboole59,success,FALSE
191,2025/12/12,PG02474663,GB0872030,abygrove5a,success,TRUE
192,2026/1/23,PG02402538,QH0464719,mtorel5b,success,FALSE
193,2026/2/20,PG02414715,UF5044011,klukasik5c,close,TRUE
194,2026/2/22,PG02418991,DN2914429,hbrendish5d,success,TRUE
195,2025/10/26,PG02400321,HN0103737,jbarthot5e,success,TRUE
196,2026/1/8,PG02438213,XD5044767,cbernadzki5f,success,TRUE
197,2025/11/21,PG02413887,EF6189947,rpetrolli5g,success,TRUE
198,2025/10/22,PG02475167,ZX4812449,ssturridge5h,success,TRUE
199,2026/2/18,PG02476490,FQ7327659,kstachini5i,success,TRUE
200,2026/2/5,PG02408292,PD8309583,nelgood5j,success,FALSE
201,2025/11/27,PG02403932,GH4196478,tchristofol5k,success,FALSE
202,2025/10/11,PG02459183,MC3339616,mbreit5l,success,FALSE
203,2025/12/31,PG02490181,KB4983200,jwixey5m,success,FALSE
204,2026/3/2,PG02402252,SQ8015955,flankford5n,success,TRUE
205,2026/2/21,PG02469743,FV2178275,eallright5o,success,TRUE
206,2026/2/28,PG02483740,IZ2655239,jaspland5p,success,FALSE
207,2025/11/13,PG02417257,TV7336408,wmayell5q,success,TRUE
208,2025/12/15,PG02417693,HY9952355,hqueste5r,success,FALSE
209,2026/2/21,PG02476818,FW6842609,sprendergrast5s,success,FALSE
210,2025/12/21,PG02471735,KP0068211,chowardgater5t,success,TRUE
211,2025/12/4,PG02400365,AM8489808,ctuther5u,success,TRUE
212,2025/12/14,PG02470750,GX3394840,lmaccorley5v,success,TRUE
213,2025/11/8,PG02447561,LW6187827,yseedull5w,success,FALSE
214,2025/12/27,PG02431041,BT0629576,wwhimp5x,success,TRUE
215,2025/12/18,PG02401542,YL0947384,bdumphries5y,success,FALSE
216,2025/10/6,PG02442249,MZ9842196,bmegahey5z,success,TRUE
217,2025/12/16,PG02471328,PU9651968,lpirelli60,success,TRUE
218,2025/11/8,PG02406464,RT9138414,jlarvor61,success,TRUE
219,2025/10/7,PG02437629,FK2314325,bbuzin62,success,FALSE
220,2026/1/10,PG02484441,XT0002586,lsoots63,success,FALSE
221,2026/1/20,PG02463184,UB2676015,kmawhinney64,success,FALSE
222,2025/11/22,PG02486257,GU2037769,cbelfitt65,success,TRUE
223,2026/1/25,PG02478113,IK7335225,mzecchetti66,success,FALSE
224,2026/3/7,PG02455319,NF8528742,mrubroe67,success,FALSE
225,2025/12/25,PG02438310,WM9465678,uberdale68,success,FALSE
226,2025/11/10,PG02466489,YH3002555,nshorter69,success,FALSE
227,2025/10/11,PG02455163,CJ4288235,blowey6a,success,FALSE
228,2025/12/30,PG02424913,LV3334330,kgerran6b,success,TRUE
229,2026/3/5,PG02481605,EH0107316,kbodocs6c,success,TRUE
230,2026/2/14,PG02499198,ST7922242,wellingham6d,success,FALSE
231,2025/10/26,PG02424171,OX9793643,cveivers6e,success,FALSE
232,2025/11/29,PG02493090,MY2111335,ckerley6f,success,FALSE
233,2025/10/15,PG02431734,KY3828306,ssanter6g,success,FALSE
234,2026/2/3,PG02431288,ZJ6552916,bjaggs6h,success,TRUE
235,2025/12/25,PG02416483,OB9203653,pbunnell6i,success,TRUE
236,2026/1/27,PG02486785,SB2777367,geskrick6j,success,TRUE
237,2025/12/11,PG02456653,IL7553682,ifeuell6k,success,TRUE
238,2026/2/25,PG02419484,JH1642492,blangrick6l,success,TRUE
239,2026/3/1,PG02411371,RA3344850,tballam6m,success,TRUE
240,2026/2/13,PG02411989,VR7204319,bhanscome6n,success,FALSE
241,2025/10/27,PG02492930,DA3381480,qtesche6o,success,TRUE
242,2025/12/10,PG02444900,UK4574785,cascraft6p,success,FALSE
243,2025/12/30,PG02409916,YM8870220,sdawdary6q,success,FALSE
244,2026/1/20,PG02468440,IQ0768066,todams6r,success,TRUE
245,2025/12/15,PG02459380,WM3233763,pbozward6s,success,TRUE
246,2026/1/17,PG02486567,DN1269625,apeek6t,success,TRUE
247,2026/1/11,PG02427346,CH7735884,fwaterdrinker6u,success,TRUE
248,2025/11/27,PG02438846,GV7475657,wmccrostie6v,success,TRUE
249,2025/11/6,PG02479371,DS0528986,epech6w,success,TRUE
250,2025/11/23,PG02496384,ZX3718654,rlowder6x,success,FALSE
251,2025/12/22,PG02432233,DV1124725,dheskins6y,success,TRUE
252,2026/3/12,PG02450364,XJ4020178,lackermann6z,success,TRUE
253,2025/11/10,PG02419994,IB9757104,mbadland70,success,TRUE
254,2025/12/14,PG02411487,YU2132971,wwaterstone71,success,TRUE
255,2026/2/2,PG02440847,ZE3794940,ejozefowicz72,success,FALSE
256,2026/1/13,PG02421636,JD8401549,mtitherington73,success,FALSE
257,2025/10/7,PG02473016,PW0133119,tkenwin74,success,FALSE
258,2026/1/15,PG02477620,QZ5655669,tcharrington75,success,FALSE
259,2025/12/8,PG02429193,MG3657338,dmegarry76,success,TRUE
260,2025/11/10,PG02456930,AF7176716,rwitherbed77,success,FALSE
261,2025/12/24,PG02454643,QR7094232,fgoutcher78,success,FALSE
262,2025/11/30,PG02471719,WD9205703,cpetrus79,success,TRUE
263,2025/11/9,PG02432552,QB2854706,cwasielewicz7a,success,TRUE
264,2026/1/13,PG02410477,IB1073219,adumblton7b,success,FALSE
265,2026/1/23,PG02481776,RN1987417,ggashion7c,success,TRUE
266,2026/1/5,PG02490655,ZC2971836,aounsworth7d,success,FALSE
267,2026/3/8,PG02435850,CS5748681,aplevin7e,success,TRUE
268,2026/3/7,PG02457276,AI4081952,lscatchar7f,success,TRUE
269,2025/10/16,PG02477889,MV9062256,oklessmann7g,success,FALSE
270,2026/1/16,PG02418489,BC6502030,acancott7h,success,FALSE
271,2025/11/29,PG02452129,RN3128967,auff7i,success,FALSE
272,2025/12/16,PG02499214,TF5205698,kembery7j,success,FALSE
273,2025/11/8,PG02472788,AZ6999765,ipreston7k,success,TRUE
274,2025/10/10,PG02440891,XR8743883,ephippen7l,success,FALSE
275,2025/12/22,PG02425093,ME0674590,vmckellen7m,success,FALSE
276,2026/1/31,PG02438954,VA1433132,mmcfadden7n,success,FALSE
277,2026/2/21,PG02469326,IN4557965,nmccreery7o,success,TRUE
278,2026/3/12,PG02441227,GQ6364653,wlaurenceau7p,success,TRUE
279,2025/12/6,PG02458671,GT9368500,dmartinet7q,success,FALSE
280,2026/2/9,PG02411786,OD9285134,alansly7r,success,FALSE
281,2025/10/12,PG02484440,TB5855229,sklamp7s,success,FALSE
282,2026/1/4,PG02490641,PR4195018,jliley7t,success,FALSE
283,2025/10/25,PG02453602,LU1252198,dsamwaye7u,success,FALSE
284,2025/12/30,PG02484451,LX2221537,dmckerley7v,success,FALSE
285,2026/2/25,PG02403561,PT5849009,jrussan7w,success,FALSE
286,2025/11/7,PG02464192,BK5340546,menticknap7x,success,FALSE
287,2025/12/26,PG02403106,ED2861357,dnelson7y,success,FALSE
288,2025/10/5,PG02489676,OX0304080,seggins7z,success,FALSE
289,2025/12/29,PG02404798,XD1146638,wcheves80,success,FALSE
290,2025/12/6,PG02442229,IF0396450,jmossop81,success,FALSE
291,2026/3/14,PG02488399,DS2105516,mmontford82,success,TRUE
292,2025/11/27,PG02435281,JY7355347,bhalso83,success,FALSE
293,2025/12/31,PG02435126,UD0630683,cpatria84,success,TRUE
294,2026/1/15,PG02463350,ZW9164065,sallsup85,success,FALSE
295,2025/11/29,PG02459867,OU0950516,wtillot86,success,TRUE
296,2025/11/10,PG02485392,PN9529445,hbrugden87,success,TRUE
297,2026/1/1,PG02432203,DY0395764,ayuryichev88,success,TRUE
298,2026/1/12,PG02413827,QS1586966,bmaccourt89,success,TRUE
299,2026/2/15,PG02470238,MT1631675,syitzovitz8a,success,TRUE
300,2026/1/22,PG02456060,OC1702285,jwannell8b,success,FALSE
301,2026/1/24,PG02476475,CX2556322,ldecaze8c,success,FALSE
302,2026/1/6,PG02494911,SM4288674,tvegas8d,success,TRUE
303,2026/1/16,PG02456364,EL1395400,kdoonican8e,success,TRUE
304,2025/11/26,PG02411312,RJ3687899,kseller8f,success,FALSE
305,2025/10/5,PG02432837,JW5492730,tjukubczak8g,success,TRUE
306,2025/12/14,PG02451360,GQ4971316,tcorsan8h,success,TRUE
307,2026/2/15,PG02443370,QJ3210758,wpowdrill8i,success,TRUE
308,2025/12/19,PG02468562,PG4773989,cargrave8j,success,TRUE
309,2025/11/23,PG02403452,VV8606337,smaingot8k,success,FALSE
310,2026/3/8,PG02426341,MZ4656826,npavlasek8l,success,FALSE
311,2026/1/15,PG02485992,NB9855302,scowser8m,success,FALSE
312,2026/3/11,PG02429926,AC7821688,mpontain8n,success,FALSE
313,2025/12/12,PG02474298,GB3062319,nlabrum8o,success,TRUE
314,2025/11/6,PG02422686,JA7261192,agerran8p,success,TRUE
315,2026/1/12,PG02452773,CU3447352,rcrowley8q,success,TRUE
316,2025/10/12,PG02424696,PO3766231,vchilles8r,success,TRUE
317,2026/2/8,PG02473987,DL7124332,yvallerine8s,success,TRUE
318,2025/10/31,PG02484776,CS2601997,zfishleigh8t,success,FALSE
319,2025/11/2,PG02434875,IT1288365,ccapron8u,success,TRUE
320,2026/1/21,PG02439523,OJ6410822,lgreenough8v,success,TRUE
321,2025/11/25,PG02430576,RX4133497,jnoden8w,success,TRUE
322,2026/1/11,PG02446199,LK0324359,mspensley8x,success,TRUE
323,2025/10/24,PG02470634,UZ2659691,pbowdery8y,success,FALSE
324,2026/3/10,PG02493182,LS3557092,jconroy8z,success,TRUE
325,2025/12/11,PG02425729,CO4359736,jdonne90,success,TRUE
326,2026/3/13,PG02421237,OR9343304,cdevillier91,success,FALSE
327,2026/1/7,PG02439765,NP0312857,randrelli92,success,FALSE
328,2026/3/2,PG02451790,CG8687007,mlewington93,success,FALSE
329,2026/1/16,PG02403103,BS7432130,bdebell94,success,FALSE
330,2025/12/9,PG02443151,ZO4537929,apedro95,success,FALSE
331,2025/11/15,PG02422726,GH5378480,kpickersgill96,success,FALSE
332,2026/3/10,PG02424289,ZY6051988,agrimsley97,success,TRUE
333,2026/3/6,PG02477655,GJ6404812,sbeaulieu98,success,TRUE
334,2026/2/8,PG02452437,OG7369480,ethewlis99,success,TRUE
335,2025/12/20,PG02451159,TF3592466,acanet9a,success,FALSE
336,2026/1/20,PG02433881,YH1206148,dhatherley9b,success,TRUE
337,2026/2/10,PG02457062,ME7321143,amitford9c,success,TRUE
338,2025/11/14,PG02400216,HT1222682,ddehoogh9d,success,FALSE
339,2025/10/13,PG02406592,YB3488119,tcooke9e,success,FALSE
340,2025/10/25,PG02418469,VC8768766,byantsev9f,success,TRUE
341,2026/1/15,PG02459911,WK9927476,fpeaple9g,success,FALSE
342,2026/2/5,PG02430964,OK8231223,jkupke9h,success,TRUE
343,2025/12/10,PG02471727,VA8647789,bhatzar9i,success,TRUE
344,2026/1/20,PG02406202,MD5967903,ameredyth9j,success,TRUE
345,2025/10/16,PG02447010,DD1393042,amorrissey9k,success,FALSE
346,2025/11/30,PG02417803,JY6907187,hgemelli9l,success,TRUE
347,2026/1/14,PG02442675,VK4623808,dklemmt9m,success,FALSE
348,2025/11/30,PG02464322,UE9069475,pmyott9n,success,TRUE
349,2025/12/16,PG02481294,BF6581025,ddrugan9o,success,FALSE
350,2025/10/21,PG02499485,ID6131063,gjakovijevic9p,success,TRUE
351,2025/10/16,PG02410721,OF1171857,pdominick9q,success,TRUE
352,2025/12/14,PG02450304,HC7047917,mbuddles9r,success,FALSE
353,2025/10/26,PG02432240,MJ6897746,bbruckental9s,success,FALSE
354,2025/10/16,PG02480807,PM2758327,rsalandino9t,success,FALSE
355,2025/11/30,PG02402265,BB5741361,kilyin9u,success,FALSE
356,2025/12/22,PG02495204,MR8095614,kclear9v,success,TRUE
357,2026/1/25,PG02476103,VX7165552,ymccaughen9w,success,FALSE
358,2026/2/8,PG02434759,BT3289150,ggookes9x,success,FALSE
359,2026/1/21,PG02488752,XV5132654,lfulloway9y,success,FALSE
360,2025/10/2,PG02445098,YJ3298151,cclancy9z,success,FALSE
361,2025/12/1,PG02439902,CI9053779,oaguirrea0,success,FALSE
362,2026/1/9,PG02489126,WL5312335,afullicka1,success,FALSE
363,2025/10/19,PG02400755,JQ6328509,karrighia2,success,FALSE
364,2026/1/7,PG02492813,UP6238129,holunneya3,success,FALSE
365,2025/10/16,PG02470306,BM6713786,cdabela4,success,FALSE
366,2025/11/1,PG02413849,GJ3715520,mmedlena5,success,FALSE
367,2026/1/26,PG02490914,RK5700850,dmashroa6,success,TRUE
368,2025/11/6,PG02405438,BI0904838,ogitshama7,success,FALSE
369,2026/1/1,PG02413596,QJ3919003,spiotrkowskia8,success,TRUE
370,2025/12/28,PG02493491,TD3687970,aotimonya9,success,TRUE
371,2025/10/24,PG02464092,GK5165494,jtomasiaa,success,TRUE
372,2025/12/21,PG02410237,OS4391981,etremainab,success,FALSE
373,2026/1/30,PG02447693,ZD3244293,igarrettsonac,success,TRUE
374,2026/2/4,PG02446062,WS4285084,iphillippoad,success,FALSE
375,2025/10/10,PG02427553,TS8436281,tmacnucatorae,success,FALSE
376,2026/1/6,PG02449052,YS5524933,gcapellaf,success,TRUE
377,2025/12/22,PG02494330,EP9430244,mfrisdickag,success,FALSE
378,2026/1/26,PG02493978,FM9210821,wheynsah,success,TRUE
379,2025/10/14,PG02469316,HC6820790,kelsmoreai,success,TRUE
380,2025/11/13,PG02448460,QE9398499,rogersaj,success,TRUE
381,2026/1/2,PG02431720,ST8927941,cranklinak,success,TRUE
382,2026/1/12,PG02411354,KV5091580,bpirotal,success,TRUE
383,2025/12/9,PG02498115,ED0105420,badessam,success,FALSE
384,2025/11/30,PG02422148,MH1622431,rjurkiewiczan,success,FALSE
385,2025/10/31,PG02413929,GU8126966,rwengerao,success,FALSE
386,2025/11/24,PG02466713,SZ7752540,msymmsap,success,FALSE
387,2025/12/17,PG02458345,RS1085515,vrazzellaq,success,FALSE
388,2026/1/26,PG02482597,RS7420990,ibrimblecombar,success,FALSE
389,2025/12/29,PG02492734,UW2991238,psanchisas,success,FALSE
390,2025/11/27,PG02403544,IM1794718,kbenoitonat,success,FALSE
391,2025/10/22,PG02406469,AH5464716,jistedau,success,TRUE
392,2025/10/31,PG02426921,DS2614854,beatttokav,success,FALSE
393,2025/12/8,PG02474666,XV0081177,smunceyaw,success,FALSE
394,2025/10/29,PG02464099,SG0386517,eroddamax,success,FALSE
395,2026/2/20,PG02457228,XG4751146,atebbetay,success,FALSE
396,2025/10/26,PG02420894,RZ6479441,acavnoraz,success,FALSE
397,2025/12/28,PG02400266,DA5221183,rbolesmab0,success,FALSE
398,2026/3/10,PG02417871,JQ3070051,fmcveyb1,success,TRUE
399,2025/10/14,PG02454984,NH5325405,sbatripb2,success,TRUE
400,2025/10/26,PG02449487,OY6846697,rcapineerb3,success,FALSE
401,2026/1/8,PG02499100,ST4937612,ataylderb4,success,FALSE
402,2025/10/19,PG02484262,ZW4953696,gellerb5,success,TRUE
403,2026/3/6,PG02413725,BN5922768,ccullinanb6,success,FALSE
404,2025/12/12,PG02442867,PZ6576039,swimlettb7,success,TRUE
405,2025/10/16,PG02467461,ZV7873915,tgreatedb8,success,TRUE
406,2025/12/17,PG02493659,TC6178885,vmanssuerb9,success,FALSE
407,2025/12/3,PG02438196,FG5324984,drahlba,success,TRUE
408,2026/2/13,PG02410794,BI8178080,jpenddrethbb,success,FALSE
409,2025/12/4,PG02473458,RD0509407,kfargebc,success,TRUE
410,2025/10/11,PG02470576,ZN5632553,cbabbebd,success,FALSE
411,2025/10/16,PG02475217,WJ4543778,fgreenanbe,success,FALSE
412,2025/12/18,PG02473731,DG9088584,glepiscopiobf,success,TRUE
413,2025/12/25,PG02495195,XZ2436948,ceitebg,close,TRUE
414,2025/10/5,PG02491602,CF4327214,callardycebh,close,FALSE
415,2026/1/17,PG02435998,YB1924323,rmonckmanbi,success,TRUE
416,2025/10/28,PG02493695,YD7008087,vpitcaithleybj,success,FALSE
417,2026/2/5,PG02409988,PA5504149,ubrumptonbk,success,TRUE
418,2025/10/20,PG02412722,HP9401046,rskaymanbl,success,TRUE
419,2026/2/11,PG02431445,FC2418313,bantoniottiibm,success,FALSE
420,2025/11/11,PG02490713,DH6170936,rtummasuttibn,success,TRUE
421,2025/12/20,PG02468904,UC8700513,ssiviterbo,success,TRUE
422,2025/12/28,PG02430967,SM6059498,amccloughlinbp,success,FALSE
423,2026/1/14,PG02474646,EY4204056,dgraylingbq,success,TRUE
424,2026/1/2,PG02494067,EL1855658,nkobierskibr,success,TRUE
425,2025/10/22,PG02432778,WA3296022,cpiscopobs,success,FALSE
426,2025/11/25,PG02423482,YY1500555,nrenachowskibt,success,FALSE
427,2025/11/4,PG02404372,BE0219486,amacmurraybu,success,FALSE
428,2026/1/20,PG02458863,PF3246145,olabbbv,success,FALSE
429,2025/11/28,PG02489247,LB8159315,rpammenterbw,success,FALSE
430,2026/2/16,PG02465595,GM5431483,vdolleybx,success,TRUE
431,2026/2/16,PG02408500,XN1477197,tfribergby,success,TRUE
432,2026/2/18,PG02433094,GK0424948,dbartolibz,success,TRUE
433,2025/11/14,PG02479918,CG4101391,spostlethwaitec0,success,TRUE
434,2025/10/18,PG02402171,DP0567343,rgosnoldc1,success,TRUE
435,2026/1/28,PG02402182,LG7492721,lredsellc2,success,TRUE
436,2026/2/15,PG02493350,FL2574418,leaglestonec3,return,FALSE
437,2026/1/12,PG02474029,BW9760658,glockyerc4,success,TRUE
438,2025/10/15,PG02498668,RG9888137,iwasec5,success,TRUE
439,2025/12/10,PG02426352,VT4949751,ggoodletc6,success,FALSE
440,2026/2/6,PG02418460,XU0828022,jberthotc7,success,FALSE
441,2026/1/2,PG02495425,VR4807135,mminchic8,success,TRUE
442,2025/12/21,PG02411518,XJ0132388,kpriddeyc9,success,TRUE
443,2025/11/6,PG02495714,VH8050072,hdevileca,success,TRUE
444,2025/11/27,PG02473454,KP3312479,hioancb,success,TRUE
445,2025/11/4,PG02488686,PO0166524,rcoalecc,success,FALSE
446,2026/2/28,PG02487217,QX1635503,fcarradicecd,success,TRUE
447,2025/11/13,PG02471929,CW0632794,afarlambece,success,TRUE
448,2025/11/23,PG02484060,PC4780316,gstarbuckecf,success,TRUE
449,2026/1/15,PG02464260,PH2249487,sflannigancg,success,TRUE
450,2026/2/1,PG02476511,IH9373917,mlicquorishch,success,TRUE
451,2026/2/8,PG02436928,PR8632089,tdoncasterci,success,TRUE
452,2026/1/29,PG02427746,TM4145788,bsynancj,success,FALSE
453,2025/11/4,PG02489221,VX6094003,rgowanck,success,TRUE
454,2025/12/13,PG02455731,DC7811920,fvaliantcl,success,TRUE
455,2025/12/25,PG02402344,VN0994892,fnorkettcm,success,FALSE
456,2026/3/6,PG02455968,XY8557487,rcanariocn,success,TRUE
457,2025/12/19,PG02449134,KB8029555,cpietzkeco,success,FALSE
458,2025/12/29,PG02457285,CT9566149,dcannycp,success,TRUE
459,2026/2/22,PG02442208,VW4676771,mdehooghcq,success,TRUE
460,2026/2/11,PG02404150,FT4316570,jsharrattcr,success,TRUE
461,2026/2/11,PG02444748,JO0381638,cshortancs,success,TRUE
462,2026/2/14,PG02481725,NF1143681,enorthcottct,success,TRUE
463,2026/1/25,PG02492092,YG9648422,bchinnerycu,success,FALSE
464,2025/11/16,PG02411678,TI8152479,bthrelfallcv,success,TRUE
465,2025/12/3,PG02457097,SA7308393,etallowcw,success,FALSE
466,2026/2/21,PG02412846,XA4491502,dzipsellcx,success,TRUE
467,2025/11/12,PG02463155,QI4576578,mfluckercy,success,TRUE
468,2025/10/4,PG02431605,LB8359330,kkidstouncz,success,TRUE
469,2025/11/4,PG02456964,AA5387428,cphlippid0,success,FALSE
470,2026/2/20,PG02402753,LC0490900,vswetmored1,success,TRUE
471,2026/2/13,PG02471773,OG9637354,nterbrugged2,success,TRUE
472,2026/2/23,PG02434365,OH7700860,fwheelerd3,success,TRUE
473,2026/3/13,PG02457974,PN1866299,khudeld4,success,TRUE
474,2026/3/4,PG02441939,TT9170501,ethorped5,success,TRUE
475,2026/2/27,PG02416824,NY0807535,ckirwand6,success,FALSE
476,2025/10/25,PG02400842,VY1121648,tgrindrodd7,success,TRUE
477,2025/11/13,PG02474002,DB3590735,lwolfordd8,success,FALSE
478,2025/12/29,PG02478180,LK9041848,gdirkind9,success,TRUE
479,2026/1/14,PG02425229,XW8181181,bjergda,success,TRUE
480,2026/1/30,PG02475912,KL7769029,rdemorenodb,success,TRUE
481,2025/12/16,PG02487922,SM7530831,cklemtdc,success,FALSE
482,2025/12/25,PG02447918,IH8407514,cmcgilvradd,success,FALSE
483,2025/10/20,PG02438457,IB3870781,mterronde,success,FALSE
484,2026/3/6,PG02489850,HD1184051,mscanlondf,success,TRUE
485,2026/2/22,PG02478358,RU8032154,vetuckdg,success,FALSE
486,2026/2/1,PG02428436,BD9323085,dfranzdh,success,TRUE
487,2025/10/5,PG02480207,YC6646024,avondrakdi,success,FALSE
488,2026/2/26,PG02409850,NT2673880,dbedforddj,success,TRUE
489,2025/10/15,PG02402615,HV1860955,sarnaldk,success,TRUE
490,2025/12/30,PG02434983,MF7509437,hlembkedl,success,FALSE
491,2025/10/14,PG02465131,BW3861426,mraymandm,success,TRUE
492,2025/11/14,PG02412390,RX7110014,sbeekedn,close,FALSE
493,2025/10/10,PG02478036,HB5488282,joliverado,success,FALSE
494,2026/1/27,PG02480206,ZC6639553,pmallamdp,success,TRUE
495,2026/2/1,PG02487976,NC4171856,kbrighousedq,success,TRUE
496,2025/12/26,PG02481743,IF2482555,bflawndr,success,TRUE
497,2025/10/21,PG02479519,DO0845222,dbotwrightds,success,FALSE
498,2026/1/25,PG02496562,WV3712625,mminotdt,success,FALSE
499,2026/1/12,PG02436656,KQ0204857,loverpooldu,success,TRUE
500,2026/1/19,PG02453892,SB5548505,bmarshalleckdv,success,FALSE
501,2025/12/17,PG02479898,YF3768564,kpauncefortdw,success,TRUE
502,2025/12/4,PG02416038,QJ3267976,jnorthgravesdx,success,FALSE
503,2025/10/30,PG02488671,PV8016529,kbentjedy,success,TRUE
504,2025/10/16,PG02453599,WF6623900,rkidwelldz,success,FALSE
505,2026/2/14,PG02485660,YH1883327,mbunclarke0,success,FALSE
506,2025/12/20,PG02420673,KR0858983,vbasdene1,success,TRUE
507,2026/1/1,PG02446635,OW5006753,sfreeare2,success,FALSE
508,2026/1/5,PG02490173,AY9463076,mquarringtone3,success,TRUE
509,2025/11/13,PG02485830,GP6113648,candrzejowskie4,success,FALSE
510,2026/2/13,PG02437026,CI8912766,wauberte5,success,FALSE
511,2026/2/27,PG02410602,XI3871784,aasmuse6,success,TRUE
512,2026/1/11,PG02455794,QH1929828,dgregorowicze7,success,FALSE
513,2025/11/19,PG02431924,ZA2256008,eflipeke8,close,FALSE
514,2025/12/8,PG02497667,YC3833997,cferrese9,success,TRUE
515,2025/12/14,PG02482994,OX7101806,kbeebyea,success,FALSE
516,2026/3/7,PG02459690,NV5480193,awillingaleeb,success,FALSE
517,2026/2/11,PG02455604,GE3982560,rcarlemanec,success,TRUE
518,2026/1/25,PG02499705,UP8806442,pleipniked,close,FALSE
519,2025/12/12,PG02483144,PR5182121,obeebyee,success,FALSE
520,2025/11/28,PG02485717,CB6773921,msearesef,success,FALSE
521,2026/1/28,PG02433575,CQ4659939,hsearighteg,success,FALSE
522,2025/10/20,PG02495970,RM0975385,rizatteh,success,FALSE
523,2026/3/14,PG02476326,AI5022674,lbrittlebankei,success,TRUE
524,2026/1/21,PG02428943,DH8970812,wspranklingej,success,FALSE
525,2025/10/17,PG02414884,UA7191843,btrebbettek,success,FALSE
526,2025/12/24,PG02461918,PO1027655,cscawnel,close,FALSE
527,2026/2/12,PG02474251,ND0675742,tcucuzzaem,success,FALSE
528,2026/3/3,PG02468690,WR0094026,gbowlandsen,success,FALSE
529,2026/1/13,PG02452967,VW4261124,dbeiderbeckeo,success,TRUE
530,2026/3/9,PG02409425,FI1859327,cberndtssenep,success,TRUE
531,2025/10/25,PG02422339,VD0818414,yleadstoneq,success,TRUE
532,2026/1/29,PG02471774,OF7607405,scuskeryer,success,TRUE
533,2026/2/27,PG02435466,AQ0890861,adriuzzies,success,FALSE
534,2025/12/26,PG02452590,TF0043034,cpiercyet,success,FALSE
535,2026/2/8,PG02437647,WL7788803,anieseeu,success,FALSE
536,2025/11/9,PG02406290,AR4163596,wcafeev,success,TRUE
537,2026/2/10,PG02477057,TL7180714,fcostiew,success,TRUE
538,2025/10/3,PG02497005,KD2422481,rkeitleyex,success,TRUE
539,2026/2/15,PG02408286,QP3718788,aleivesleyey,success,TRUE
540,2025/12/24,PG02443140,FS7453693,kseideez,success,TRUE
541,2026/3/13,PG02400368,IY0744227,mpuryf0,success,TRUE
542,2026/2/5,PG02461665,WK7036394,cdudinf1,success,TRUE
543,2025/10/8,PG02414236,XF0226047,mmctavyf2,success,TRUE
544,2025/11/22,PG02419592,VR3157413,bblowenf3,success,FALSE
545,2026/2/26,PG02401419,PH2109278,nheakef4,success,FALSE
546,2025/12/30,PG02420025,CM7805300,lpoletf5,success,FALSE
547,2026/1/9,PG02428953,ES1123792,lhawkeridgef6,success,FALSE
548,2026/1/9,PG02456363,BZ2230578,bspadarif7,success,TRUE
549,2026/2/1,PG02421728,ZF5908903,odiablef8,success,TRUE
550,2026/2/25,PG02450091,ZL5354782,jcatterellf9,success,TRUE
551,2026/2/17,PG02408625,SN3385663,apinchbeckfa,success,TRUE
552,2025/12/25,PG02476539,OL0407902,zbarnissfb,success,FALSE
553,2025/12/5,PG02466969,SD1464808,jhenlonfc,success,TRUE
554,2025/10/27,PG02452595,ST5025772,ggogiefd,success,TRUE
555,2026/2/8,PG02413227,SS0686946,iscuffhamfe,success,FALSE
556,2025/12/15,PG02437178,OQ9282718,anobleff,success,FALSE
557,2026/1/11,PG02467329,LD2006627,shuffyfg,success,FALSE
558,2025/12/19,PG02428930,US9380384,htunnahfh,success,TRUE
559,2025/10/11,PG02442409,RB4885793,lwitherbyfi,success,FALSE
560,2026/2/23,PG02498835,II0126217,ferswellfj,success,TRUE
561,2025/11/12,PG02425614,NU3293532,rkibblewhitefk,success,TRUE
562,2025/11/4,PG02440815,HG2938764,dmeachenfl,success,TRUE
563,2025/11/23,PG02486131,PB3289619,sjerminfm,success,TRUE
564,2026/2/28,PG02414225,PV6096465,jcrewfn,success,TRUE
565,2025/10/6,PG02407412,RR4198728,lpickoverfo,success,FALSE
566,2026/1/2,PG02405502,EL5371838,dpalekfp,success,FALSE
567,2026/3/3,PG02438698,SE3647496,ebeloefq,success,TRUE
568,2025/10/14,PG02466043,QE2725494,ipertonfr,success,TRUE
569,2026/2/10,PG02414068,JA2817450,kecclesfs,success,TRUE
570,2025/12/11,PG02438188,JW1777806,aleggenft,success,FALSE
571,2025/10/6,PG02495531,ZC0544647,rhorleyfu,success,FALSE
572,2025/11/13,PG02440702,LL7166350,mmacgillacolmfv,success,FALSE
573,2026/3/10,PG02402447,VS7488820,ccrickmoorfw,success,FALSE
574,2026/3/3,PG02415713,FE0411360,fdunbabinfx,success,TRUE
575,2025/12/1,PG02451148,LZ4014405,bheindlefy,success,TRUE
576,2025/11/24,PG02449809,WV4325221,mmcdugalfz,success,FALSE
577,2025/12/21,PG02489295,JJ4879314,gsparyg0,success,TRUE
578,2026/2/28,PG02455874,AC4260101,vlouchg1,success,TRUE
579,2025/10/20,PG02432245,OK1935164,fmoughtong2,success,TRUE
580,2026/1/28,PG02465660,PF4237995,mdicking3,success,FALSE
581,2025/10/25,PG02416817,YH2489105,tmathelyg4,success,TRUE
582,2026/1/22,PG02467462,IO3124205,priepg5,success,FALSE
583,2025/10/26,PG02408426,KZ7728808,bgilliceg6,success,FALSE
584,2025/11/23,PG02400343,YW7526770,hgodsong7,success,FALSE
585,2025/10/23,PG02443367,EN5607166,nkillorang8,success,FALSE
586,2025/12/8,PG02496709,RT4672671,gyeatsg9,success,TRUE
587,2026/1/24,PG02406092,ZR8417474,beskriettga,success,TRUE
588,2026/3/1,PG02406007,SX9172474,ebengalgb,success,TRUE
589,2025/12/5,PG02486593,YZ4657687,atownsleygc,success,TRUE
590,2025/11/12,PG02496393,AJ4808395,gkilbygd,success,TRUE
591,2025/10/29,PG02477612,TK3355414,kelingtonge,success,TRUE
592,2025/10/8,PG02465735,MQ5118303,dcolleckgf,success,FALSE
593,2025/10/22,PG02492031,YM7599397,ndoggettgg,success,FALSE
594,2025/12/17,PG02487245,XI7924796,mpikegh,success,FALSE
595,2025/12/17,PG02453009,BZ6191272,mpowellgi,success,TRUE
596,2025/10/29,PG02465581,WM3377598,mgoodladgj,success,TRUE
597,2026/2/4,PG02475673,VQ1611544,rsowmangk,success,FALSE
598,2025/11/8,PG02413261,JG6070491,rquiniongl,success,TRUE
599,2025/12/21,PG02418250,WX3449718,acrosiogm,success,TRUE
600,2025/12/31,PG02460941,LF2886783,pworsfoldgn,success,FALSE
601,2026/3/13,PG02412887,XR4444080,jivisongo,success,TRUE
602,2025/11/7,PG02465873,QE9480971,afawloegp,success,TRUE
603,2025/10/24,PG02482182,OM0983519,mferreygq,success,TRUE
604,2025/10/5,PG02468773,DF5921702,vschadegr,success,TRUE
605,2026/2/4,PG02400279,VD6200042,rmetschkegs,success,FALSE
606,2025/10/22,PG02402613,AB7034324,asinclairgt,success,FALSE
607,2025/12/10,PG02494444,QO3619548,amatusgu,success,TRUE
608,2025/10/23,PG02466938,ZR4175664,cmarcinkusgv,success,TRUE
609,2025/12/17,PG02499700,KY5289098,rgwynethgw,success,TRUE
610,2025/10/1,PG02427352,WA3241491,dnockellsgx,success,FALSE
611,2025/10/16,PG02419126,WX3773441,hkiddygy,success,TRUE
612,2025/12/15,PG02483832,ZG5248556,alightbodygz,success,FALSE
613,2025/11/11,PG02494965,TL9444991,cbonseyh0,success,FALSE
614,2025/10/8,PG02430505,IG9828959,obottomleyh1,success,FALSE
615,2026/2/12,PG02437387,KS1402562,shadfieldh2,success,TRUE
616,2025/11/10,PG02404416,XK2252020,lseivwrighth3,success,TRUE
617,2025/12/7,PG02480086,LQ1401239,tmityushkinh4,success,TRUE
618,2026/3/2,PG02478569,ML9935169,rambrosioh5,success,TRUE
619,2026/3/4,PG02446391,MJ8097917,lhryniewiczh6,success,FALSE
620,2026/3/2,PG02468841,CD1390002,bdarwinh7,success,TRUE
621,2025/10/19,PG02477611,AX8923032,aassandrih8,success,FALSE
622,2026/1/25,PG02442474,JF4964027,ptinwellh9,success,FALSE
623,2026/1/29,PG02438101,YT9099667,lfiddymentha,success,FALSE
624,2026/1/14,PG02460081,RD8226180,hdealeyhb,success,FALSE
625,2026/1/6,PG02435605,UU0914003,fjordesonhc,success,TRUE
626,2026/2/19,PG02458555,PF5238712,bmuggachhd,success,TRUE
627,2025/12/17,PG02489925,MZ8863086,julyathe,close,TRUE
628,2025/11/8,PG02469259,JI5256227,pspellardhf,success,FALSE
629,2025/10/27,PG02407773,FY5714008,kcromwellhg,success,FALSE
630,2026/2/9,PG02437299,RR0452624,phendriksehh,success,FALSE
631,2025/11/24,PG02498356,FY7703425,karmorhi,success,TRUE
632,2025/11/19,PG02462901,LR0325855,dchastanhj,success,FALSE
633,2026/2/5,PG02411293,LR6613728,amurfordhk,success,TRUE
634,2026/2/18,PG02476637,UG2343220,mlaffoleylanehl,success,TRUE
635,2026/2/13,PG02409989,NC6940723,kkinchhm,success,TRUE
636,2026/3/12,PG02472893,AO2207807,pkryzhovhn,success,FALSE
637,2025/12/1,PG02413129,FG5930105,dwoodusho,success,TRUE
638,2026/2/14,PG02415430,LO1291720,dstranghp,success,FALSE
639,2026/2/1,PG02417869,KP3993907,rpreuvosthq,success,FALSE
640,2025/10/26,PG02448882,MG2112712,nmonierhr,success,TRUE
641,2025/10/9,PG02473476,UB2620787,lblackebyhs,success,FALSE
642,2025/10/18,PG02452502,RA0296920,ipetherht,success,TRUE
643,2025/11/8,PG02465920,RU3378430,mkuhnhu,success,FALSE
644,2025/11/22,PG02497216,PS8084926,wpavekhv,success,TRUE
645,2025/11/13,PG02422457,BU9043120,astarmorehw,success,FALSE
646,2025/11/21,PG02422545,RE8952186,yromeihx,success,FALSE
647,2025/10/1,PG02446675,EX9864549,dvlahoshy,success,TRUE
648,2025/11/21,PG02458939,NY5496421,njacksonhz,success,FALSE
649,2026/1/19,PG02480117,RH0633118,phundali0,success,TRUE
650,2025/12/25,PG02440109,RB0882631,rbastistinii1,success,TRUE
651,2025/12/27,PG02477218,YS8894595,mdrengi2,success,TRUE
652,2025/11/10,PG02435984,YL4844551,prubinovicii3,success,TRUE
653,2025/10/10,PG02456276,QK8413084,ccullaghi4,success,FALSE
654,2025/12/2,PG02491317,IN5500051,ccaldecutti5,success,TRUE
655,2026/1/30,PG02467616,JZ3090503,nroisi6,success,FALSE
656,2025/11/8,PG02479964,JF0067309,dmatzeitisi7,success,TRUE
657,2025/11/28,PG02473141,DV4362341,ggerreni8,success,TRUE
658,2025/12/29,PG02440859,HM4614925,lbrashi9,success,FALSE
659,2026/1/5,PG02465090,XD8915188,ssleightholmia,success,TRUE
660,2026/3/4,PG02468400,PM1412088,fnettleshipib,success,TRUE
661,2026/2/19,PG02436209,BY0915877,jpingstoneic,success,FALSE
662,2026/2/3,PG02498121,CR1222925,ilestrangeid,success,TRUE
663,2026/1/29,PG02452614,AV8250921,pavonie,success,TRUE
664,2026/2/2,PG02496158,WC6439856,bshalloeif,success,TRUE
665,2025/12/18,PG02419627,JN3793212,aeakeleyig,success,TRUE
666,2025/12/5,PG02481393,TK1361631,shakeworthih,success,FALSE
667,2025/12/1,PG02451232,MB3481417,gpahlii,success,FALSE
668,2025/11/8,PG02445620,QA3415726,tsheldrickij,success,FALSE
669,2025/12/8,PG02427447,GJ6670645,rpenaik,success,FALSE
670,2026/1/20,PG02479592,XJ0889866,mloanil,success,FALSE
671,2026/1/15,PG02438654,UJ4818989,acocksedgeim,success,FALSE
672,2025/12/2,PG02467538,ET4315962,mfrancinoin,success,TRUE
673,2025/12/5,PG02463538,SO8122590,lmaclavertyio,success,TRUE
674,2025/11/13,PG02411361,OX4309799,dkenforthip,success,TRUE
675,2025/11/2,PG02415045,EP8955634,wkenwayiq,success,FALSE
676,2026/2/6,PG02468461,KF6569490,pwasteneyir,success,FALSE
677,2025/11/3,PG02471797,XJ5658992,dkidderis,success,TRUE
678,2025/12/19,PG02451579,BC7524883,cmacdearmaidit,success,TRUE
679,2025/12/3,PG02448365,JQ6881261,akasbyeiu,success,FALSE
680,2025/12/19,PG02490793,QW5798828,eoloneiv,success,FALSE
681,2025/11/15,PG02430105,EV5633413,agillfordiw,success,FALSE
682,2026/1/2,PG02459448,ND6258524,sgoodayix,success,FALSE
683,2025/12/24,PG02487514,XD3694554,rbodicamiy,success,TRUE
684,2026/2/10,PG02448665,ZW8090064,sitzaksoniz,success,FALSE
685,2025/12/19,PG02454580,LN2165587,fronischj0,success,TRUE
686,2025/10/31,PG02492898,RZ7467555,lhulkesj1,success,TRUE
687,2025/12/2,PG02468599,LF1472283,ukirmanj2,success,FALSE
688,2026/3/7,PG02442549,QL1409573,cmillettj3,success,TRUE
689,2026/1/3,PG02448824,YD1947721,ssuchej4,success,FALSE
690,2025/10/24,PG02481326,OJ3658892,dhazeleyj5,success,TRUE
691,2025/12/29,PG02477779,DY7320199,klovej6,success,TRUE
692,2026/2/23,PG02479250,BL3497024,bsteuartj7,success,FALSE
693,2025/10/30,PG02451445,OF9523846,dgoodleyj8,success,TRUE
694,2025/10/23,PG02460864,HA0248720,lpatriaj9,success,FALSE
695,2026/1/16,PG02431534,CH8527265,cfewsterja,success,FALSE
696,2026/1/17,PG02488050,FD2974886,gmcguanejb,success,TRUE
697,2025/10/3,PG02476861,DK4414958,dhanstockjc,success,FALSE
698,2025/10/9,PG02436758,DB2587528,aoshieljd,success,TRUE
699,2026/2/22,PG02497105,TH2374512,ashortcliffeje,success,FALSE
700,2025/10/7,PG02436307,IJ4327360,cnozzoliijf,success,TRUE
701,2026/2/18,PG02458449,WG0117606,aparryjg,success,FALSE
702,2025/10/26,PG02452925,HQ8786800,gofogartyjh,success,FALSE
703,2026/2/1,PG02409634,MO0804338,adesortsji,success,TRUE
704,2026/2/9,PG02444235,TI7975484,bfrichleyjj,success,TRUE
705,2025/12/21,PG02405629,TU6924009,bclemendetjk,success,TRUE
706,2025/12/10,PG02494525,KT7665427,lstickneyjl,success,FALSE
707,2026/1/30,PG02474672,PD6821326,msouthertonjm,success,TRUE
708,2025/11/2,PG02496905,CF0043409,rcawoodjn,success,TRUE
709,2025/12/12,PG02411737,IW5749992,kathelstanjo,success,TRUE
710,2025/10/24,PG02494594,UR7492769,phallmarkjp,success,FALSE
711,2025/10/23,PG02407755,TU6659792,dsympsonjq,success,FALSE
712,2026/3/10,PG02471248,FK1090886,astambridgejr,success,TRUE
713,2025/11/28,PG02468874,LD7786092,eblaasejs,success,TRUE
714,2025/12/11,PG02464486,MC4736067,fbartrapjt,success,FALSE
715,2026/1/30,PG02414050,RJ2330947,dlongstaffeju,success,TRUE
716,2026/2/14,PG02412637,LA2171902,cgerokjv,success,FALSE
717,2025/10/9,PG02455175,MH4932942,vliefjw,success,FALSE
718,2025/12/2,PG02463093,FZ0173112,bdowdalljx,success,TRUE
719,2025/12/29,PG02471051,KM2426169,jbodycotejy,success,TRUE
720,2025/11/16,PG02447944,BV5793919,jelsonjz,success,TRUE
721,2026/3/4,PG02431823,NA2904203,twaleworkk0,success,TRUE
722,2026/1/19,PG02419734,HI0868590,gcardenask1,success,FALSE
723,2025/12/31,PG02491023,KD0547981,rcobboldk2,success,TRUE
724,2025/11/28,PG02486148,NQ7490790,lsallk3,success,FALSE
725,2025/10/14,PG02495880,RZ7680889,aandrzejakk4,success,FALSE
726,2025/11/22,PG02433886,ZQ8550408,jhansberryk5,success,TRUE
727,2026/2/22,PG02480731,AB3959416,lgreethamk6,success,TRUE
728,2026/1/17,PG02487376,AN3696242,gbathamk7,success,FALSE
729,2026/3/8,PG02409669,RV5434993,dhadgkissk8,success,FALSE
730,2025/11/30,PG02464834,MQ4635131,ssargeantk9,success,FALSE
731,2026/1/16,PG02415994,YZ4763458,godomka,success,FALSE
732,2026/1/12,PG02472240,DU9950754,ckiosselkb,success,FALSE
733,2026/1/22,PG02413674,JN5535253,tdukerkc,success,FALSE
734,2026/2/2,PG02487637,OH5439637,kbudgeonkd,success,FALSE
735,2025/12/18,PG02443778,AE6593472,dtommiske,success,FALSE
736,2025/12/6,PG02483023,UH7324639,gwernherkf,success,TRUE
737,2026/1/14,PG02413031,RY7805711,espurnierkg,success,TRUE
738,2025/11/28,PG02428535,JX6258347,hchadbandkh,success,FALSE
739,2026/1/1,PG02458263,TR2443760,pheppenspallki,success,FALSE
740,2026/2/3,PG02470697,QF1475125,pwrothamkj,success,FALSE
741,2025/12/26,PG02475580,EQ8919642,scapelenkk,success,FALSE
742,2026/1/3,PG02469610,LM3970746,bduckhamkl,success,FALSE
743,2025/12/15,PG02485872,VP8407440,bkeohanekm,success,TRUE
744,2026/1/9,PG02446681,RP2645912,eisaksonkn,success,TRUE
745,2026/1/14,PG02421067,DV8631158,alunneyko,success,TRUE
746,2025/10/20,PG02452774,PM2978419,gnyssenskp,success,TRUE
747,2026/1/9,PG02415642,KG3150920,amarhamkq,success,FALSE
748,2025/10/11,PG02412550,PV4080183,fgogartykr,success,FALSE
749,2026/2/14,PG02424329,OD8591240,mgillioks,success,TRUE
750,2025/11/7,PG02422626,BA4158826,rtoselandkt,success,FALSE
751,2026/1/26,PG02456028,TT4878983,nmellodeyku,success,FALSE
752,2025/10/29,PG02486259,BI8193702,atrainerkv,success,TRUE
753,2025/10/11,PG02417861,XV2499394,lpoynzerkw,success,FALSE
754,2025/10/27,PG02428264,LC8373493,sloughankx,success,FALSE
755,2025/12/4,PG02418730,FD9400292,jtrunkfieldky,success,TRUE
756,2025/12/8,PG02463801,PV6086308,amarcukz,success,FALSE
757,2025/12/17,PG02424559,OD2482387,vgridonl0,success,FALSE
758,2026/1/16,PG02460788,QH9925742,vsangsterl1,success,TRUE
759,2025/12/7,PG02473219,EN5612648,gcurtisl2,success,TRUE
760,2025/11/24,PG02427307,SS1387793,tcronkl3,success,TRUE
761,2026/1/17,PG02474854,WL8752370,pdimmnel4,success,TRUE
762,2026/1/19,PG02486377,LC0586509,lheinreichl5,success,TRUE
763,2025/12/4,PG02473828,JZ6023306,croddal6,success,TRUE
764,2026/2/3,PG02401092,BP2556466,hhucklesbyl7,success,FALSE
765,2025/11/11,PG02438562,ZC1198728,nclawleyl8,success,FALSE
766,2026/1/17,PG02407487,NT3604720,ghunnywelll9,success,FALSE
767,2025/12/19,PG02440209,TF6881820,ddugdalela,success,FALSE
768,2026/3/12,PG02466029,HL0422875,gmitrikhinlb,success,TRUE
769,2025/12/14,PG02493596,BM9004317,aharefootlc,success,FALSE
770,2026/3/3,PG02490768,HB4568368,bbumfreyld,success,TRUE
771,2026/1/28,PG02482533,IR1864664,frubrale,success,FALSE
772,2025/12/14,PG02492304,VD6430874,crimerlf,success,TRUE
773,2025/11/4,PG02453468,CV4722164,lludylg,success,FALSE
774,2026/1/16,PG02423687,OL0247816,sdisdellh,success,FALSE
775,2025/12/5,PG02440263,DO3186730,bcalderwoodli,success,FALSE
776,2026/1/24,PG02454747,SY8816845,draymondlj,success,TRUE
777,2025/12/7,PG02482219,JR6396307,jisaqlk,success,FALSE
778,2026/3/12,PG02431670,BC0546304,rmurricanesll,success,FALSE
779,2026/1/15,PG02428182,NF6383917,dreaylm,success,TRUE
780,2026/2/24,PG02475670,ME5575768,hriggottln,success,TRUE
781,2026/1/21,PG02452352,IO7234549,agaulelo,success,TRUE
782,2025/12/1,PG02451931,IZ9855645,dkippinglp,success,FALSE
783,2026/1/18,PG02449881,JO6117880,sdockreaylq,success,TRUE
784,2025/12/9,PG02470570,LB9121331,hwoofendenlr,success,FALSE
785,2026/1/21,PG02482452,KU8974219,alangmanls,success,FALSE
786,2025/11/29,PG02424288,IW6802639,tswadlenlt,success,FALSE
787,2026/1/17,PG02489032,JL5913950,ogrinikhinlu,success,TRUE
788,2025/11/16,PG02485178,YY9042218,trodderlv,success,TRUE
789,2026/1/14,PG02440150,OE7357088,rstreaklw,success,TRUE
790,2025/10/13,PG02440159,UR5914872,aledgleylx,success,TRUE
791,2026/1/6,PG02417353,DG1103521,tratcliffly,success,FALSE
792,2025/11/19,PG02493941,IZ7247898,tcampanylz,success,TRUE
793,2025/10/19,PG02477667,RK4649293,vclowneym0,success,TRUE
794,2026/1/31,PG02489022,QJ7726023,etowheym1,success,FALSE
795,2025/11/17,PG02483620,GX1395986,bmacnultym2,success,FALSE
796,2025/10/19,PG02402464,WX3411898,lleppingtonm3,success,FALSE
797,2026/3/2,PG02443617,JY5440227,ncuttsm4,success,FALSE
798,2025/11/4,PG02440757,KV6320818,mpeteram5,success,TRUE
799,2026/1/30,PG02417571,JX7088266,fcopelandm6,success,TRUE
800,2025/10/30,PG02415478,CU2388056,mcorranm7,return,FALSE
801,2026/1/14,PG02461736,JS0413828,nmaplethorpem8,success,TRUE
802,2026/3/11,PG02492986,OL6647221,gclaussenm9,success,FALSE
803,2025/12/4,PG02411569,CT1825227,rmonahanma,success,FALSE
804,2026/1/12,PG02447903,HM0922063,ascrippsmb,success,FALSE
805,2026/1/19,PG02409883,DJ9317362,cvicareymc,success,TRUE
806,2026/2/3,PG02444409,JK6067950,tannandmd,success,FALSE
807,2025/11/1,PG02480329,PN9960429,censtonme,success,FALSE
808,2025/10/4,PG02418616,YH4403524,gmissonmf,success,TRUE
809,2026/2/26,PG02454361,QQ6641251,gtwentymanmg,success,TRUE
810,2026/1/23,PG02419201,IS5401689,kscaddenmh,success,TRUE
811,2026/2/25,PG02497979,VV2412745,dgrundellmi,success,FALSE
812,2025/10/7,PG02488526,NS3693543,smaddisonmj,success,FALSE
813,2025/12/6,PG02489579,XB2235623,abatteymk,success,FALSE
814,2025/11/29,PG02422940,VQ9680202,bshatliffml,success,FALSE
815,2026/1/5,PG02450190,AA0432920,nhollymanmm,success,TRUE
816,2026/2/10,PG02436048,II7726232,ngilmourmn,success,FALSE
817,2025/11/21,PG02499218,QV4248819,imelarkeymo,success,FALSE
818,2026/2/13,PG02438065,HY9916737,rwikemp,success,TRUE
819,2025/10/20,PG02480882,VI6392144,vhelversenmq,success,TRUE
820,2025/11/23,PG02433600,SE8208539,sloucamr,success,FALSE
821,2025/12/29,PG02463513,TS6422206,tsparkems,success,FALSE
822,2025/11/13,PG02410245,NV5362936,mcordeuxmt,success,TRUE
823,2025/12/4,PG02407765,JP4312568,kdzenisenkamu,success,FALSE
824,2026/3/11,PG02419147,MV8634434,gmacconnelmv,success,FALSE
825,2026/1/19,PG02439753,TB4111923,mantliffmw,success,TRUE
826,2025/12/3,PG02476682,IX6564630,gemsleymx,success,FALSE
827,2025/11/29,PG02452564,WH8054141,mkeiltymy,success,TRUE
828,2026/3/3,PG02488104,RR3717073,fmationmz,success,TRUE
829,2026/1/9,PG02499880,EP2619902,voulnern0,success,TRUE
830,2026/1/28,PG02426778,KW1852337,rfrodshamn1,success,TRUE
831,2025/11/28,PG02455929,GK8332463,afussenn2,success,TRUE
832,2026/2/17,PG02480752,WI3673940,rbrokern3,success,FALSE
833,2026/1/14,PG02440693,HV6294928,alandonn4,success,FALSE
834,2026/1/6,PG02494900,UV0956828,rgoodmann5,success,FALSE
835,2026/2/4,PG02496481,NQ0887667,eaxelbeyn6,success,TRUE
836,2025/10/13,PG02481182,BT2610646,ccotmoren7,return,TRUE
837,2025/11/26,PG02446575,HY7974255,rvigoursn8,success,TRUE
838,2025/10/17,PG02409830,TI9744398,wbargen9,success,FALSE
839,2025/10/16,PG02408931,NN8873744,bhebdenna,success,FALSE
840,2025/10/24,PG02407462,KD6141423,msemarknb,success,TRUE
841,2025/11/20,PG02485440,TT6096058,vseamennc,success,TRUE
842,2025/10/31,PG02487135,QW2397261,ywillersonnd,success,FALSE
843,2026/1/20,PG02424000,DO7869097,gmcilroyne,success,FALSE
844,2025/10/1,PG02472419,BU8938506,ekobierieckinf,success,FALSE
845,2025/12/30,PG02496910,FN4568578,vflasbyng,success,TRUE
846,2025/12/7,PG02400730,DD8461717,gpetrushkanh,success,TRUE
847,2026/1/25,PG02447737,XD8307817,emartini,success,FALSE
848,2025/11/24,PG02407347,ND1717507,hridelnj,success,TRUE
849,2026/1/15,PG02435415,BE4671712,bmacdaidnk,success,TRUE
850,2026/1/19,PG02419917,MK4316775,ecawleynl,success,TRUE
851,2026/1/26,PG02480715,FX7579830,crenshallnm,success,FALSE
852,2026/1/16,PG02426392,VX8803319,hchuggnn,success,FALSE
853,2025/10/3,PG02430640,IA8005291,awhitterno,success,TRUE
854,2025/10/8,PG02487805,PY0421815,scurrynp,return,TRUE
855,2025/10/21,PG02485821,RQ0295870,egoodridgenq,success,TRUE
856,2026/2/5,PG02490459,GU0701482,gmorewoodnr,success,TRUE
857,2026/1/7,PG02494618,ZB5999176,kbeardsns,success,TRUE
858,2026/2/10,PG02443870,OH2144754,lbannesternt,success,TRUE
859,2025/12/2,PG02482835,ER2109772,ctiplernu,success,FALSE
860,2025/12/30,PG02400132,HW3872294,mfairhurstnv,success,FALSE
861,2025/10/17,PG02460570,UQ5790958,avereynw,success,TRUE
862,2025/10/1,PG02461891,GV5653209,gpeattienx,success,FALSE
863,2025/10/20,PG02480727,HJ8972899,emaceyny,success,FALSE
864,2025/12/15,PG02424121,WZ6524775,amulcocknz,success,FALSE
865,2025/12/16,PG02481412,PR5744918,kmalyo0,success,FALSE
866,2025/11/12,PG02436248,UU2089192,cofihilyo1,success,FALSE
867,2025/12/9,PG02455082,RO9327741,byakovicho2,success,FALSE
868,2026/2/22,PG02492594,LR9136311,gattleo3,success,FALSE
869,2025/10/6,PG02404132,PG7979215,fmachanso4,success,FALSE
870,2025/11/23,PG02434654,MW7459722,agilmano5,success,FALSE
871,2026/3/10,PG02497889,AY2843811,tondricho6,success,TRUE
872,2025/10/5,PG02452487,DB0942280,acanellaso7,success,FALSE
873,2026/2/24,PG02441388,II8066170,sbrombello8,success,FALSE
874,2025/10/12,PG02445058,UL8629053,swheelero9,success,TRUE
875,2025/12/31,PG02451042,YT5972483,fbrayneoa,success,FALSE
876,2026/1/29,PG02472336,AO8496493,rbraundsob,success,TRUE
877,2025/12/16,PG02474579,ZN7206716,ssinclaireoc,success,FALSE
878,2026/3/11,PG02455880,SB2564404,srussilllod,success,TRUE
879,2025/12/22,PG02450402,EZ7495211,tdevonsoe,success,TRUE
880,2025/12/26,PG02407640,FY9595484,ibushellof,success,TRUE
881,2025/11/19,PG02408661,XU4113965,cswindinog,success,FALSE
882,2026/1/3,PG02487755,AY5117043,kfarquarsonoh,success,FALSE
883,2026/2/4,PG02497365,FJ5242303,scollicottoi,success,FALSE
884,2026/2/17,PG02437866,JD6897311,mdeleekoj,success,TRUE
885,2025/12/3,PG02470822,AU6023574,mjumeauok,success,TRUE
886,2025/11/7,PG02469109,GR7188089,fwhyborneol,success,FALSE
887,2026/1/10,PG02405638,DQ3558933,sholdinom,success,FALSE
888,2026/1/11,PG02428001,BN9695545,ebransdonon,success,TRUE
889,2025/10/4,PG02487235,PN6305591,mboomesoo,success,TRUE
890,2025/10/17,PG02495538,EM6811991,mpraillop,success,FALSE
891,2025/11/11,PG02406889,NE0015959,mganfortheoq,success,TRUE
892,2026/3/2,PG02424346,FE0776512,fcovottoor,success,FALSE
893,2026/2/6,PG02496452,FJ3314323,jthaxtonos,success,TRUE
894,2025/12/6,PG02474832,UH2125652,hmcpartlinot,success,TRUE
895,2025/10/10,PG02476871,XZ7936786,jbrettonou,success,FALSE
896,2025/10/1,PG02455596,UG7541256,abrixhamov,success,TRUE
897,2025/10/24,PG02453155,JF1517608,dsaddletonow,success,FALSE
898,2025/12/13,PG02412923,ND6144365,cglasscoeox,success,TRUE
899,2025/12/31,PG02499034,FH3628653,pdebiasioy,success,TRUE
900,2025/10/29,PG02486926,GW8705079,mvargaoz,success,TRUE
901,2025/10/25,PG02464208,ZC3194449,ocrumptonp0,success,TRUE
902,2025/11/7,PG02445679,KA6387178,rdefrainep1,success,TRUE
903,2026/1/18,PG02426410,NB1007895,wswynleyp2,success,TRUE
904,2025/11/12,PG02409169,SD4863745,ofordep3,success,FALSE
905,2025/11/22,PG02449009,VM7251745,shullp4,success,FALSE
906,2025/12/2,PG02429142,EI0494683,sbolesmap5,success,FALSE
907,2026/1/26,PG02412144,LL6604489,tmarstersp6,close,FALSE
908,2025/12/16,PG02421963,NT3073506,jbailessp7,success,FALSE
909,2025/11/19,PG02475246,HV4618558,eorisp8,success,FALSE
910,2025/10/23,PG02458433,XA3147081,lkleinzweigp9,success,TRUE
911,2025/11/10,PG02494625,AU2896805,rshaylerpa,success,TRUE
912,2025/10/15,PG02444220,QT6750830,cbaldonipb,success,FALSE
913,2025/12/14,PG02423394,HQ5738314,mcanbypc,success,FALSE
914,2026/1/7,PG02414727,ZK8003815,harnoldspd,success,TRUE
915,2025/12/18,PG02493252,HW6080406,mgaddpe,success,FALSE
916,2026/3/10,PG02413992,FG2499288,hmazonowiczpf,success,FALSE
917,2025/12/18,PG02486816,WZ4757828,rellinspg,success,TRUE
918,2026/1/11,PG02494395,PM5414755,dfishburnph,success,FALSE
919,2025/10/12,PG02444791,CY9950565,lvliespi,success,TRUE
920,2026/1/23,PG02458963,GR6158285,mcockinpj,success,TRUE
921,2026/1/29,PG02469113,YT8883241,bblincowepk,success,FALSE
922,2025/10/26,PG02425273,YH6033245,acraftpl,success,FALSE
923,2025/10/29,PG02448497,VO0687612,amccasterpm,success,TRUE
924,2025/12/3,PG02466829,GB8164582,vlundpn,success,TRUE
925,2025/12/27,PG02493731,JB9647094,abransbypo,success,FALSE
926,2025/12/20,PG02424590,IC1858989,lbowserpp,success,TRUE
927,2025/10/14,PG02483829,VQ5059420,dhandysidepq,success,FALSE
928,2026/2/20,PG02436273,PR9606686,tmacturloughpr,success,TRUE
929,2026/2/1,PG02474007,KT7174841,dextenceps,success,FALSE
930,2025/11/7,PG02414140,NX5050790,sforstpt,success,TRUE
931,2026/2/20,PG02424553,CU3419226,dknottepu,success,FALSE
932,2026/3/8,PG02432666,TL3025628,mkliemkepv,success,FALSE
933,2025/12/25,PG02480244,YG4510211,hkermottpw,success,FALSE
934,2026/1/24,PG02424468,DN6569565,bbancepx,return,TRUE
935,2025/12/17,PG02459524,ZE0577030,bpattissonpy,success,TRUE
936,2026/3/2,PG02496449,NZ4089349,aealespz,success,TRUE
937,2026/2/12,PG02434849,EU3906020,nmckimmeyq0,success,TRUE
938,2025/12/5,PG02404460,PR2481664,ldillamoreq1,success,FALSE
939,2025/12/7,PG02491548,MA1125085,euphamq2,success,FALSE
940,2025/10/19,PG02450432,NG5022766,rmacgorleyq3,success,FALSE
941,2026/3/3,PG02468853,SK8565761,igollyq4,success,FALSE
942,2026/2/22,PG02451042,WI9894098,elobbq5,success,FALSE
943,2025/12/18,PG02437502,VT1040808,blanchesterq6,success,TRUE
944,2026/1/9,PG02415602,JM9503938,rinnottq7,success,FALSE
945,2025/11/24,PG02425512,HY0824494,vhalstonq8,success,TRUE
946,2025/11/30,PG02459778,NN2885148,smckeefryq9,success,FALSE
947,2026/3/8,PG02485880,EC5940323,jdennidgeqa,success,TRUE
948,2026/1/1,PG02411608,KQ8014829,cminilloqb,success,FALSE
949,2026/1/16,PG02449457,FS9379220,epellingarqc,success,FALSE
950,2026/1/9,PG02445859,IL0550004,sworrallqd,success,TRUE
951,2026/2/1,PG02416475,DN6807865,rwastellqe,success,TRUE
952,2026/2/4,PG02490187,VL0824554,hlanglaisqf,success,FALSE
953,2025/12/30,PG02422003,DL7017796,kbasinigazziqg,success,FALSE
954,2026/2/18,PG02456799,JD9464897,tmiskinqh,success,FALSE
955,2025/10/4,PG02491399,NW5633888,mwhereatqi,success,FALSE
956,2026/2/10,PG02404978,KE6502333,ahuertaqj,success,FALSE
957,2025/12/15,PG02493878,SN8794604,mschuchmacherqk,success,TRUE
958,2026/1/1,PG02442609,EJ8992397,rpelerinql,success,FALSE
959,2025/10/28,PG02453168,NY2533614,jgrancherqm,success,TRUE
960,2026/2/6,PG02416125,IA2997752,cgumleyqn,success,FALSE
961,2026/2/19,PG02454744,MT7935329,ghardageqo,success,FALSE
962,2025/11/29,PG02433127,CS8210258,bpinkneyqp,success,TRUE
963,2025/10/11,PG02457957,ZJ2824982,aredingqq,success,TRUE
964,2025/10/15,PG02433867,NZ1509360,bpotterilqr,success,FALSE
965,2026/1/11,PG02425066,IO6023988,mhalstonqs,success,FALSE
966,2025/10/8,PG02423064,EN0990331,hcastelloneqt,success,FALSE
967,2026/2/4,PG02430082,ZY0740999,mjedrzejczykqu,success,FALSE
968,2026/2/26,PG02423199,SF1351392,mboorqv,success,FALSE
969,2026/2/6,PG02464326,AU4998313,eseefusqw,success,FALSE
970,2026/2/14,PG02497843,KQ6603027,awardlowqx,success,FALSE
971,2025/10/13,PG02401743,ER1921665,ldebenhamqy,success,TRUE
972,2026/3/3,PG02471486,ZA0993892,hkaesqz,success,FALSE
973,2025/12/28,PG02465261,KP1586137,ssambellr0,success,TRUE
974,2026/1/21,PG02494059,QT5851080,nkwiekr1,success,TRUE
975,2025/11/6,PG02419437,GK4383499,fcodringtonr2,success,FALSE
976,2026/2/16,PG02496525,DV5051858,cstathersr3,success,FALSE
977,2025/11/29,PG02418702,YZ8498726,cjankowskir4,success,TRUE
978,2025/12/23,PG02410323,CS8930539,kboyenr5,success,FALSE
979,2026/1/28,PG02466066,XL2331933,gocanavanr6,success,FALSE
980,2026/1/10,PG02409150,OI0061157,hgarnsworthyr7,success,TRUE
981,2026/1/15,PG02487864,KR3058346,agookr8,success,TRUE
982,2025/12/29,PG02429114,ZM9974974,crabbattsr9,return,FALSE
983,2025/12/26,PG02408537,HJ4719905,thurchra,success,TRUE
984,2026/2/1,PG02472115,KZ1018993,holennachainrb,success,FALSE
985,2025/11/10,PG02488216,XZ3207508,elyesrc,success,FALSE
986,2025/12/31,PG02416545,MG8208403,lodoughertyrd,success,TRUE
987,2025/12/20,PG02488600,MD8129989,bbuswellre,success,TRUE
988,2026/3/5,PG02420514,QS9156606,cwicklinrf,success,TRUE
989,2025/12/19,PG02443188,FT3329028,lswatheridgerg,success,FALSE
990,2026/3/8,PG02409057,VH2323532,learsmanrh,success,FALSE
991,2025/11/8,PG02405743,CX1245645,swoodrufferi,success,TRUE
992,2025/10/16,PG02484542,TY6028020,wwestbyrj,success,TRUE
993,2025/10/25,PG02459971,DT8359567,zmcgingrk,success,TRUE
994,2026/1/17,PG02431383,TV0017640,ssprittrl,success,TRUE
995,2026/3/13,PG02413395,WH8318807,isillitoerm,success,FALSE
996,2025/12/14,PG02485595,VA2918134,jkiddrn,success,FALSE
997,2025/10/18,PG02418995,YX2032508,efiggessro,success,TRUE
998,2025/12/20,PG02484417,DW1145322,jocorrrp,success,FALSE
999,2026/3/11,PG02407235,YU1165526,mgoulleerq,success,FALSE
1000,2025/12/22,PG02499370,XU3652907,asyvretrr,success,FALSE
